id;code;first_name;last_name;date_of_birth;join_date;class_name;avatar;password;email;phone;description;address
1;9022;Albina;Hessel;2020-04-27T19:56:52;2020-04-27T17:58:51;process improvement overriding Outdoors;XSS copying;back-end;Talia5@hotmail.com;6440;bandwidth De-engineered;Cross-platform
2;57808;Lucius;Williamson;2020-04-27T15:37:34;2020-04-27T10:42:31;Keyboard Saint Helena invoice;withdrawal Fresh;withdrawal markets array;Earline_Johns42@hotmail.com;20278;RSS Direct;XSS Toys
3;20189;Viva;Sporer;2020-04-28T08:16:20;2020-04-27T10:26:11;Future-proofed Savings Account white;hacking;Balboa US Dollar;Jewel84@hotmail.com;71202;Cayman Islands Dollar Bike;Sleek pixel payment
4;69835;Brennon;White;2020-04-28T08:19:59;2020-04-28T01:39:29;data-warehouse Ergonomic Wooden Bike communities;Kids Sausages;Grocery Small;Dax93@gmail.com;92425;override;harness sensor
5;18482;Raphaelle;Kuhic;2020-04-27T21:54:42;2020-04-28T08:06:53;Gloves payment e-markets;integrated open-source;Quality Computers transition;Bette13@gmail.com;90103;Credit Card Account vortals;Personal Loan Account Investor
6;98455;Louvenia;Auer;2020-04-27T11:20:06;2020-04-28T00:50:06;withdrawal;pink;mindshare Global Electronics;Rory32@hotmail.com;51478;zero defect Home Loan Account;West Virginia Cook Islands
7;91680;Maya;Jerde;2020-04-27T11:23:48;2020-04-27T09:29:24;HDD;Handmade Soft;Parkways Health Tugrik;Marlin_Kris@hotmail.com;25653;Home matrix;portal Indian Rupee web-readiness
8;16048;Raleigh;Kuvalis;2020-04-28T00:28:03;2020-04-27T18:16:08;Silver Hat Designer;back-end;IB upward-trending calculate;Reanna.Rogahn93@yahoo.com;98060;Profit-focused;Kids Granite transparent
9;12787;Ryann;Yost;2020-04-27T17:16:16;2020-04-27T20:00:48;composite New York Spur;USB;Organic quantify transform;Edwin_Gerhold25@yahoo.com;5156;bluetooth;plum Rustic Granite Pizza Illinois
10;39146;Lyla;Robel;2020-04-27T17:03:17;2020-04-27T16:24:08;Future-proofed;cohesive;cutting-edge Gorgeous Rubber Shirt;Damien.Kuphal83@yahoo.com;95134;Table Savings Account invoice;Turnpike green
