id;position;amount;date_created;status;description;type
1;Rustic Frozen Shirt;88688;2020-04-28T07:45:15;1610;24/365;Tasty Steel Soap quantifying District
2;orange;18483;2020-04-28T02:19:31;61033;solid state Lakes;vortals
3;system engine;33721;2020-04-27T15:00:29;22694;interactive;Garden Arkansas Architect
4;uniform Investor Pine;73054;2020-04-27T13:05:40;45765;Kids;Group
5;Wyoming International Internal;60383;2020-04-28T06:19:43;15718;Mississippi efficient;morph
6;transparent Cambridgeshire Incredible;15106;2020-04-28T06:26:12;77659;bypass;digital engage
7;ADP Unbranded Steel Bike;60894;2020-04-27T21:55:50;82206;Agent;Underpass Ohio
8;Assurance Producer cross-platform;67235;2020-04-28T08:25:43;80482;capacitor compress;system
9;Tunnel Azerbaijanian Manat Washington;13753;2020-04-28T01:20:42;48811;RSS;Directives TCP
10;redundant Licensed Plastic Table Crossroad;94644;2020-04-27T13:26:32;77652;Principal red;Car Computer neural
