id;name;class_name;contact;password;email;address
1;Sleek Buckinghamshire;Buckinghamshire Legacy;9436;Incredible;Coby71@gmail.com;neural
2;Refined Fresh Chicken;Security gold;44160;invoice Computers;Clara.Waters2@gmail.com;invoice Pizza
3;e-business;Cotton Bhutan convergence;28686;Auto Loan Account;Brennan43@gmail.com;Research
4;Branding Garden Multi-channelled;Soap Granite;33018;models Indian Rupee Ngultrum;Stuart_Jones30@gmail.com;Plaza invoice
5;firmware Sleek;Run Cheese AGP;67441;Executive;Hector_Keebler55@yahoo.com;multi-byte
6;Fresh;Radial Automotive;46610;Isle Digitized Union;Carroll_Rath96@gmail.com;Monaco Saint Martin
7;Tasty;Bedfordshire primary architectures;25123;withdrawal;Delbert_Kohler22@hotmail.com;recontextualize
8;array;Oregon;47498;Personal Loan Account Future;Janelle_Hermiston4@hotmail.com;auxiliary
9;Soap radical;Martinique;13274;Infrastructure;Joanie_Doyle66@yahoo.com;Missouri Nebraska
10;deposit;payment Savings Account compress;50522;Macao Equatorial Guinea Baby;Lottie70@gmail.com;web-readiness support Rustic Metal Salad
